{"a. adamu": 5.785069621397689, "a. bailey": 8.200946324415328, "a. ciz": 3.3592469688044932, "a. dworsky": 4.540555737781735, "a. goga": 3.6106786075532167, "a. gurbuz": 0.0, "a. hustak": NaN, "a. ivanek": 4.474431818181818, "a. jancur": 1.310043668122271, "a. johnson": 6.037567084078712, "a. kejval": 5.48803943637892, "a. kolar": 5.325443786982248, "a. kopriva": 1.7696629213483146, "a. kresina": 6.80835734870317, "a. lukes": 3.63025869681344, "a. pechacek": 5.759415358440955, "a. petric": 3.0830166461489052, "a. radukic": 5.8400678662320855, "a. rand": 11.624013393924898, "a. robenek": NaN, "a. sidarevicius": 4.561448816864125, "a. solevic": 5.7153284671532845, "a. thompson": 3.259576082644913, "a. walton jr.": 7.640019793962842, "b. alford": 4.256186554690366, "b. mbida": 6.1140315406389, "b. pavlik": 0.0, "b. schilb": 4.641894267963896, "b. stevens": 8.58050847457627, "c. asberry": 8.394403730846102, "c. bajema": 4.433368310598111, "c. bishop": 12.208463572974274, "c. brown jr": 7.984092994799634, "c. eduardo": 5.271913587478619, "c. jeter": 7.911121963130265, "c. john": 3.16505955757232, "c. vogt": 7.71718897805987, "d. balaban": 5.8038147138964575, "d. bassett": 6.090279436350609, "d. bistrovic": 3.9885513802972956, "d. bohm": 6.2439859897617485, "d. bonner": 4.973956756101993, "d. bruner": 8.50521366086014, "d. carl": 7.21935240015119, "d. collins": 10.87478275262766, "d. davis": 5.418439716312057, "d. dickerson": 5.447259673581835, "d. djuricic": 6.937888409685197, "d. fait": 7.208165001063151, "d. frye": 4.113119373238952, "d. gak": 6.784203693622011, "d. heinzl": 6.097821729252972, "d. jakel": 2.9643353404353867, "d. jelinek": 4.130496343094845, "d. johnson": 6.014126247786824, "d. kacer": 0.0, "d. keeler": 7.40065528627341, "d. kolbl": 5.833333333333333, "d. latal": 14.457831325301203, "d. mc brayer": 4.218620389998552, "d. moten": 5.651409471182642, "d. motycka": 4.167086059386009, "d. nejezchleb": 7.986709845649157, "d. novak": 5.373209630854612, "d. olejnik": 4.489279332936272, "d. pekarek": 6.377726468854393, "d. skranc": 5.25659503489822, "d. slavinskas": 5.44976035604245, "d. stepan": 3.972994027525318, "d. vlk": 4.50229709035222, "d. walton": 6.470246010638298, "d. zak": 3.8820944221250526, "d. zikla": 3.9580082281174636, "e. ahmad": 6.833346115499655, "e. cato": 6.256008282185906, "e. chargois": 7.1102260747335135, "e. edigin": 4.036661466458659, "e. gilyard": 2.7303209324604825, "e. klepac": 4.728759851583024, "e. lockett": 7.251153592617007, "e. milligan": 8.666402849228334, "e. smits": 8.01295022258195, "e. weaver": 4.668470906630581, "e. williams": 6.9106116048092, "f. fuxa": 4.444974283865254, "f. halada": 4.686812380812674, "f. horvath": 3.770423125261835, "f. kabrt": 4.450869250960551, "f. kroutil": 3.0885494278017167, "f. lunacek": 0.0, "f. novotny": 4.280618311533888, "f. petruzela": 4.404114094361059, "f. rylich": 5.766337059329321, "f. smid": 4.350453172205438, "f. suchanek": 4.139028920137968, "f. vana": 4.3400701781898725, "f. zbranek": 4.8954491530211195, "g. lee iii": 5.294503094284675, "g. liddell jr": 6.862091938707528, "g. prosek": 8.985959438377535, "g. simmons": 4.822695035460994, "g. vucicevic": 2.546187149041965, "g. wiznitzer": 6.6804202645795225, "h. ibarguen mosquera": 6.937284148355774, "h. redparth": 5.38729563119807, "i. agravanis": 7.656316461080392, "i. davidson": 3.5197285296559695, "i. josipovic": 5.124529654183838, "i. svoboda": 8.43795858470569, "j. andre": 6.745272664555176, "j. baker": 0.9559214020180563, "j. boeheim": 4.178606405745584, "j. bohacik": 5.733564231173003, "j. brickus": 6.389272332873201, "j. brown": 7.785369522973735, "j. bruce": 5.908331343996181, "j. brunk": 7.7745559985502, "j. bryant": 7.170526662820407, "j. bubenicek": 4.567791831144768, "j. butz": 5.272542027508915, "j. callahan": 3.575144235316372, "j. campbell": 4.529590629259598, "j. dallas": 6.861677298895286, "j. dedek": 7.128368588814836, "j. eatmon": 5.556738343623589, "j. edwards": 6.127766340710242, "j. evans iii": 6.912422512117595, "j. fairweather": 4.509555563834146, "j. friday": 6.726394949401169, "j. gabriel": 6.1233746598125185, "j. gordon": 4.6258882541451865, "j. grmolensky": 2.616279069767442, "j. groves": 4.413037207960773, "j. haiblik": 6.420654804874941, "j. hinds": 4.449938195302844, "j. holmes": 6.333868144690782, "j. jelinek": 5.701530612244898, "j. karlovsky": 6.002814506435252, "j. karnik": 6.070826306913996, "j. kimbrough": 6.05146124523507, "j. kojzar": 4.669260700389105, "j. koulisianis": 4.893431926924751, "j. krakovic": 5.906347366678206, "j. krivanek": 4.996135197807603, "j. kubin": 6.240912649591768, "j. lawrence": 11.235182958254594, "j. madera": 3.02579685782634, "j. matusik": 3.9813289401427787, "j. micka": 5.09460083064144, "j. mokran": 6.991455619742132, "j. montgomery": 5.106251289457396, "j. mrstak": 1.5100671140939597, "j. musil": 3.9085714285714284, "j. necas": 5.324146570623238, "j. nosek": 0.0, "j. ogundiran": 6.993440130634308, "j. oupoh": 2.3273273273273274, "j. palenik": 2.7424977450574097, "j. petras": 6.801925881345339, "j. potocek": 3.767612824178068, "j. rhodes": 4.670707383668016, "j. roche": 8.844874508618082, "j. shumate": 6.794568981756531, "j. simonek": 2.4068767908309456, "j. sirina": 4.429370036408774, "j. skalicka": 5.8301671732522795, "j. skific": 5.684689236988378, "j. slavik": 5.419048508471411, "j. smith": 5.7238720016024836, "j. soldan": 4.907761921336582, "j. sterba": 5.532675565873476, "j. sury": 4.626206150238976, "j. svandrlik": 4.936881802412153, "j. svoboda": 3.5573682718654536, "j. svojanovsky": 2.9658060013956735, "j. townsend": 5.563925398722011, "j. tuma": 4.264105544891724, "j. watson": 7.888476951760495, "j. watson-gayle": 3.645931215936854, "j. williams": 3.9202712761558174, "j. wright": 4.387251358106294, "j. young": 6.99465008675535, "j. zalud": 0.0, "j. zvolanek": 4.990997479294203, "k. baker": 3.8402925937214265, "k. brewton": 6.677561693087106, "k. chatman": 5.152853189106965, "k. cole": 6.223065543191613, "k. elvis": 3.8415616978090856, "k. feazell": 9.40119760479042, "k. filewich": 7.724431235908997, "k. kalu": 8.190652475705692, "k. kavan": 6.266533566259047, "k. martin": 5.1825993555316865, "k. mc clure": 4.523990860624524, "k. svrdlik": 6.125028861694759, "k. tyml": 5.343913679475283, "l. autrey": 5.967760374985709, "l. bobek": 1.997840172786177, "l. bryan jr": 6.595788604459125, "l. dejmek": 3.3378287255563044, "l. festr": 2.260033770619561, "l. greer": 4.5562031640299745, "l. jurecka": 4.595299440708854, "l. kovar": 5.909182515353692, "l. mandalinic": 2.848892097517632, "l. nikkarinen": 3.24670544062431, "l. olbort": 1.3283378746594003, "l. palyza": 3.615984294209631, "l. pecka": 5.592631522687999, "l. pipkins": 5.9131281177758845, "l. rideau": 8.506315696493242, "l. rozsypal": 4.396092362344583, "l. stegbauer": 4.86703462117411, "l. varner ii": 7.176991215604268, "l. wertz iii.": 4.0016959102472125, "m. batovsky": 4.733950124454045, "m. bernath": 5.333804309431296, "m. brunner": 2.0867837032129843, "m. burda": 2.902609295782125, "m. cank": 3.0986379161351385, "m. carter": 7.03328509406657, "m. colak": 4.957854914714276, "m. cubbage": 7.736753100338218, "m. dailey": 4.174133024138294, "m. dana": 3.489492359147483, "m. gniadek": 5.340954875100726, "m. grill": 3.8909774436090228, "m. houska": 4.187437686939182, "m. janu": 4.30529772954448, "m. jezek": 3.8753952768620064, "m. johnson": 3.4919249236141425, "m. kheil": 3.5195438846554468, "m. klassen": 6.969512195121951, "m. kozak": 6.447398644768577, "m. kramosil": 5.080091533180778, "m. kraut": 1.9329896907216497, "m. kriz": 5.4228192232916115, "m. kvapil": 5.702014894686344, "m. lufile": 5.899932517111733, "m. mach": 6.683893546024253, "m. majercak": 4.414077124672407, "m. mares": 2.519165626671421, "m. miksovsky": 2.5423728813559325, "m. morgan": 5.768274490303332, "m. nabelek": 2.838272464766138, "m. nelson": 6.132518796992481, "m. okauru": 6.520941608070927,